parent,definition,children,translation,label
lowering,the act of causing to become less,tapering,труб,-1
bucket,a roughly cylindrical vessel that is open at the top,"cannikin,dinner pail,kibble,slop pail,wine bucket","канникин, ведро для ужина,киббл, ведро для нечистот, ведро для вина",-1
touch,a slight but appreciable amount,snuff,snuff,-1
detonator,a mechanical or electrical explosive device or a small amount of explosive; can be used to initiate the reaction of a disrupting explosive,blasting cap,дробеструйный колпачок,-1
excess,immoderation as a consequence of going beyond sufficient or permitted limits,"exorbitance,extravagance","непомерность,экстравагантность",-1
Atlantic salmon,found in northern coastal Atlantic waters or tributaries; adults do not die after spawning,landlocked salmon,не имеющий выхода к морю лосось,-1
effortfulness,the quality of requiring deliberate effort,arduousness,трудность,-1
ray,cartilaginous fishes having horizontally flattened bodies and enlarged winglike pectoral fins with gills on the underside; most swim by moving the pectoral fins,"electric ray,guitarfish","электрический луч,рыба-гитара",-1
warrior,-,guerrilla,Партизанская война,-1
hot pepper,any of various pungent capsicum fruits,tabasco,табаско,-1
cell,a device that delivers an electric current as the result of a chemical reaction,"electrolytic cell,fuel cell,solar cell,storage cell","электролитический элемент,топливный элемент,солнечный элемент, элемент хранения",-1
versicle,a short verse said or sung by a priest or minister in public worship and followed by a response from the congregation,sursum corda,sursum corda,-1
tubule,a small tube,"microtubule,nephron,seminiferous tubule,trachea,uveoscleral pathway,vasa efferentia","микротрубочки,нефрон,семенные канальцы,трахея,увеосклеральный путь,vasa efferentia",-1
lesson,a unit of instruction,"dance lesson,golf lesson,tennis lesson","урок танцев,гольфа,тенниса",-1
tartaric acid,an acid found in many fruits; used in soft drinks and confectionery and baking powder,racemic acid,рацемическая кислота,-1
Indian elephant,Asian elephant having smaller ears and tusks primarily in the male,white elephant,белый слон,-1
niggard,a selfish person who is unwilling to give or spend,pinchgut,pinchgut,-1
Saudi Arabian monetary unit,monetary unit in Saudi Arabia,qurush,qurush,-1
ineligibility,the quality or state of being ineligible,uninsurability,неуязвимость,-1
patriotism,love of country and willingness to sacrifice for it,"Americanism,chauvinism","Американизм,шовинизм",-1
life jacket,life preserver consisting of a sleeveless jacket of buoyant or inflatable design,Mae West,Мэй-Уэст,-1
headsail,any sail set forward of the foremast of a vessel,spinnaker,Spinnaker,-1
headsail,any sail set forward of the foremast of a vessel,spinnaker,Spinnaker,-1
family,a social unit living together,"broken home,nuclear family,extended family,foster family,foster home,menage a trois","разрушенный дом,нуклеарная семья,расширенная семья,приемная семья,приемный дом, управление троицей",-1
bandage,-,oblique bandage,косая повязка,-1
saying,-,idiom,идиома,-1
adoption,the act of accepting with approval; favorable reception,embrace,заключать в себе,-1
pincer,a hand tool for holding consisting of a compound lever for grasping,roach clip,зажим для тараканов,-1
connective tissue,-,tendon,SUKHOZHILIIA,-1
stinger,a sharp organ of offense or defense (as of a wasp or stingray or scorpion) often connected with a poison gland,aculeus,aculeus,-1
news agency,an agency to collects news reports for newspapers and distributes it electronically,syndicate,синдикат; консорциум,-1
ineligibility,the quality or state of being ineligible,uninsurability,неуязвимость,-1
clock,-,pendulum clock,напольные часы,-1
pubic hair,hair growing in the pubic area,minge,minge,-1
bagel,(Yiddish) glazed yeast-raised doughnut-shaped roll with hard crust,onion bagel,бублик с луком,-1
criticism,a written evaluation of a work of literature,"analysis,explication de texte,new criticism","анализ,экспликация de texte,новая критика",-1
promise,grounds for feeling hopeful about the future,rainbow,радуга,-1
antonym,"a word that expresses a meaning opposed to the meaning of another word, in which case the two words are antonyms of each other",direct antonym,прямой антоним,-1
blood vessel,-,vein,вена,-1
strike,a group's refusal to work in protest against low pay or bad work conditions,"sit-down,sympathy strike,walkout,wildcat strike","сидячая забастовка, забастовка сочувствия,забастовка, забастовка диких кошек",-1
skin diving,underwater swimming without any more breathing equipment than a snorkel,"scuba diving,snorkeling",Дайвинг ($) / сноркелинг,-1
medical care,-,therapy,терапия,-1
field mouse,any nocturnal Old World mouse of the genus Apodemus inhabiting woods and fields and gardens,European wood mouse,Европейская деревянная мышь,-1
pigmentation,coloration of living tissues by pigment,chromatism,хроматизм,-1
social worker,someone employed to provide social services (especially to the disadvantaged),almoner,almoner,-1
concreteness,the quality of being concrete (not abstract),literalness,буквальность,-1
fog,an atmosphere in which visibility is reduced because of a cloud of some substance,fug,fug,-1
radial asymmetry,the absence of symmetry about an axis,directivity,направленность,-1
play,a preset plan of action in team sports,"knock on,power play,razzle-dazzle","стучаться,силовая игра,razzle-dazzle",-1
dessert,-,whip,вип,-1
roofing material,-,tile,tile,-1
reader,a person who enjoys reading,bookworm,Библиофильство,-1
cleaning implement,-,swab,тампон,-1
petitioner,-,solicitor,юрист,-1
ledge,a projecting ridge on a mountain or submerged under water,berm,берма,-1
quad,(printing) a block of type without a raised letter; used for spacing between words or sentences,hair space,пространство для волос,-1
deviation,a variation that deviates from the standard or norm,discrepancy,несоответствия,-1
gable,the vertical triangular wall between the sloping ends of gable roof,bell gable,колокольня,-1
dissenter,-,nonconformist,Нонконформизм,-1
local anesthetic,-,procaine,NOVOKAIN,-1
ambassador,a diplomat of the highest rank; accredited as representative from one country to another,ambassadress,ambassadress,-1
repellent,a chemical substance that repels animals,insectifuge,insectifuge,-1
anthology,a collection of selected literary passages,"divan,florilegium,omnibus","диван,флорилегий,омнибус",-1
plant fiber,-,hemp,щенька,-1
hominoid,a primate of the superfamily Hominoidea,"Aegyptopithecus,Algeripithecus minutus,proconsul","Aegyptopithecus,Algeripithecus minutus,проконсул",-1
array,especially fine or decorative clothing,war paint,Warpaint,-1
Indian elephant,Asian elephant having smaller ears and tusks primarily in the male,white elephant,белый слон,-1
gallinaceous bird,-,megapode,мегапод,-1
unruliness,-,contrariness,контраргументность,-1
handsaw,-,pruning saw,пила для обрезки,-1
baked potato,potato that has been cooked by baking it in an oven,jacket potato,Картофель в мундире,-1
skeletal structure,-,girdle,Пояс,-1
cleaning,-,sterilization,стерилизация,-1
assertion,-,denial,отказ,-1
mural,a painting that is applied to a wall surface,fresco,Фреска,-1
capture,the act of forcibly dispossessing an owner of property,"apprehension,conquest","задержание,завоевание",-1
pardoner,a medieval cleric who raised money for the church by selling papal indulgences,absolver,absolver,-1
representation,a presentation to the mind in the form of an idea or image,"abstractionism,antitype,blur,instantiation,phantasmagoria,psychosexuality,schema,stereotype","абстракционизм,антитип,размытие,инстанциация,фантасмагория,психосексуальность,схема,стереотип",-1
carbohydrate,-,polysaccharide,GLIKANY,-1
upper,piece of leather or synthetic material that forms the part of a shoe or boot above the sole that encases the foot,toe box,Лёгкая обувь,-1
cosmetic,-,makeup,грим,-1
approval,acceptance as satisfactory,appro,Около,-1
chemical phenomenon,-,state of matter,Ð¢ÐµÐ¼Ð¿ÐµÑÐ°ÑÑÑÐ° Ð¿Ð»Ð°Ð²Ð»ÐµÐ½Ð¸Ñ:% 1,-1
Dravidian,a member of one of the aboriginal races of India (pushed south by Caucasians and now mixed with them),"Badaga,Kanarese,Gadaba,Gond,Kolam,Kota,Kui,Malto,Savara,Tamil,Telugu,Toda,Tulu","Бадага,Канарезе,Гадаба,Гонд,Колам,Кота,Куи,Мальто,Савара,Тамил,Телугу,Тода,Тулу",-1
trumpeter,large gregarious crane-like bird of the forests of South America having glossy black plumage and a loud prolonged cry; easily domesticated,Brazilian trumpeter,Бразильский трубач,-1
dissolution,the termination or disintegration of a relationship (between persons or nations),splitsville,сплитсвилл,-1
shading,graded markings that indicate light or shaded areas in a drawing or painting,hatch,люк,-1
restrainer,a person who directs and restrains,"nazi,subduer","нацист,покоритель",-1
avalanche,a slide of large masses of snow and ice and mud down a mountain,lahar,Лахар,-1
animal material,-,shell,фон,-1
husk,outer membranous covering of some fruits or seeds,cornhusk,cornhusk,-1
energy,forceful exertion,athleticism,атлетизм,-1
irony,incongruity between what might be expected and what actually occurs,Socratic irony,Сократовская ирония,-1
exocrine gland,-,vestibular gland,вестибулярная железа,-1
face,the part of an animal corresponding to the human face,muzzle,жерло,-1
"Indian monetary unit,Pakistani monetary unit",monetary unit in India,anna,anna,-1
benign tumor,-,myoma,MIOMA,-1
software,-,operating system,операционная система,-1
spider orchid,any of several European orchids of the genus Ophrys,early spider orchid,ранняя орхидея пауков,-1
dormer window,the window in a gabled extension built to accommodate a window,oxeye,бычий глаз,-1
white magic,magic used only for good purposes,theurgy,theurgy,-1
pubic hair,hair growing in the pubic area,minge,minge,-1
"pubic hair,female genitalia",hair growing in the pubic area,minge,minge,-1
tender,a boat for communication between ship and shore,gig,Кабриолет,-1
case,a person requiring professional services,"welfare case,client,referral","дело о социальном обеспечении,клиент,направление",-1
bean,any of various seeds or fruits that are beans or resemble beans,"algarroba,carob,broad bean","альгарроба,рожковое дерево,бобы",-1
antibody,-,monoclonal antibody,Моноклональное антитело,-1
mealybug,scalelike plant-eating insect coated with a powdery waxy secretion; destructive especially of fruit trees,"citrophilous mealybug,citrus mealybug,Comstock mealybug","цитрофильный мучнистый жук,цитрусовый мучнистый жук,мучнистый жук Комсток",-1
vinifera,common European grape cultivated in many varieties; chief source of Old World wine and table grapes,"Cabernet Sauvignon grape,Chardonnay,Chenin blanc,malvasia,Merlot,Muscadet,muscat,Riesling,Sauvignon blanc,Sauvignon grape,Verdicchio,Zinfandel","Виноград «каберне-совиньон»,«шардоне»,«шенен-блан», «мальвазия»,«мерло»,«мускат»,«рислинг»,«совиньон-блан»,«совиньон»,«вердиккио»,«зинфандель»",-1
representation,the act of representing; standing in for someone or some group and speaking with authority in their behalf,proportional representation,Пропорциональное представительство,-1
gentian,-,fringed gentian,бахрома gentian,-1
Moroccan monetary unit,monetary unit in Morocco,Moroccan dirham,Марокканский дирхам,-1
Norwegian monetary unit,monetary unit in Norway,Norwegian krone,Норвежская крона,-1
test,any standardized procedure for measuring sensitivity or memory or intelligence or aptitude or personality etc,sub-test,подтест,-1
spiritual leader,-,rabbi,Раввин,-1
exactness,the quality of being exact,"minuteness,preciseness,trueness","мелочность,точность,правдивость",-1
penalty,(games) a handicap or disadvantage that is imposed on a competitor (or a team) for an infraction of the rules of the game,game misconduct,игровой проступок,-1
person of color,-,Black,nigger,-1
game equipment,-,net,нетто,-1
perfidy,betrayal of a trust,insidiousness,коварство,-1
common knowledge,anything generally known to everyone,ancient history,ISTORIIA ANTICHNAIA,-1
flush,a sudden rapid flow (as of water),springtide,springtide,-1
commissioned officer,-,staff officer,Штабные офицеры,-1
noble metal,-,gold,золотой,-1
dental appliance,-,filling,заправка,-1
water plantain,marsh plant having clusters of small white or pinkish flowers and broad pointed or rounded leaves,"narrow-leaved water plantain,ribbon-leaved water plantain","подорожник водный узколистный,подорожник водный ленточнолистный",-1
Mayan,a member of an American Indian people of Yucatan and Belize and Guatemala who had a culture (which reached its peak between AD 300 and 900) characterized by outstanding architecture and pottery and astronomy,"Cakchiquel,Kekchi,Mam,Quiche,Yucatec","Какчикель,кекчи,мам,киче,юкатек",-1
conservative,-,rightist,правый,-1
echinoderm,-,sea urchin,MORSKIE EZHI,-1
convexity,the property possessed by a convex shape,roundedness,округлость,-1
cross-fertilization,fertilization by the union of male and female gametes from different individual of the same species,allogamy,Перекрёстное опыление,-1
dramatic composition,-,play,пьеса,-1
female genitalia,external female sex organs,"cunt,minge,vulva","пизда,минге,вульва",-1
"dehydration,freeze",the process of extracting moisture,freeze-drying,Лиофилизация,-1
yellow,-,orange yellow,orange-yellow,-1
dehydration,the process of extracting moisture,freeze-drying,Лиофилизация,-1
mythical monster,a monster renowned in folklore and myth,"amphisbaena,basilisk,Cerberus,Chimera,cockatrice,Geryon,gryphon,Harpy,Hydra,leviathan,werewolf,manticore,Minotaur,Nemean lion,roc,salamander,Sphinx,troll,Typhoeus,Typhon","амфисбена,василиск,цербер,химера,какатрис,герион,грифон,гарпия,гидра,левиафан,оборотень,мантикора,минотавр,немейский лев,рок,саламандра,сфинкс,тролль,тиф,тифон",-1
caterpillar,-,woolly bear,шерстистый медведь,-1
"utility,transportation company",a company that performs a public service; subject to government regulation,bus company,автобусная компания,-1
asexual reproduction,reproduction without the fusion of gametes,"blastogenesis,budding,fissiparity,pullulation,parthenogenesis","бластогенез,почкование,деления,пулуляция,партеногенез",-1
skunk,American musteline mammal typically ejecting an intensely malodorous fluid when startled; in some classifications put in a separate subfamily Mephitinae,"hog-nosed skunk,hooded skunk,spotted skunk,striped skunk","кабаносый скунс, скунс с капюшоном,пятнистый скунс,полосатый скунс",-1
vermouth,any of several white wines flavored with aromatic herbs; used as aperitifs or in mixed drinks,"dry vermouth,sweet vermouth","вермут сухой, вермут сладкий",-1
clothes moth,any of several small yellowish or buff-colored moths whose larvae eat organic matter e.g. woolens,"casemaking clothes moth,webbing clothes moth","платяная моль для изготовления кейсов, платяная моль для лямок",-1
shearing,removing by cutting off or clipping,sheepshearing,стрижка овец,-1
blasphemer,a person who speaks disrespectfully of sacred things,swearer,swarer,-1
merchant,-,retailer,розничный продавец,-1
customs,money collected under a tariff,ship money,корабельные деньги,-1
saint's day,a day commemorating a saint,name day,name-day,-1
honoring,conformity with law or custom or practice etc.,punctilio,punctilio,-1
box turtle,chiefly terrestrial turtle of North America; shell can be closed tightly,Western box turtle,Черепаха вестерн бокс,-1
animal virus,-,retrovirus,ОНКОВИРУСЫ,-1
conductance unit,a measure of a material's ability to conduct an electrical charge,mho,мксим,-1
buck,mature male of various mammals (especially deer or antelope),stag,"покупатель, обращающийся в ряд банков за дефицитным выпуском ценных бумаг (спекулянт)",-1
blazing star,any of various North American plants of the genus Liatris having racemes or panicles of small discoid flower heads,"dense blazing star,dotted gayfeather","плотная пылающая звезда,пунктирное гей-перо",-1
claret,dry red Bordeaux or Bordeaux-like wine,Saint Emilion,Сент-Эмильон,-1
ledge,a projecting ridge on a mountain or submerged under water,berm,берма,-1
emptying,the act of removing the contents of something,drain,слив,-1
confirmation,information that confirms or verifies,documentation,документация,-1
lab,a workplace for the conduct of scientific research,"biology lab,chemistry lab","биологическая лаборатория,химическая лаборатория",-1
leadership,the ability to lead,generalship,generalship,-1
hominid,-,homo,лицо,-1
claimant,someone who claims a benefit or right or title,Pretender,Претендент,-1
interpretation,a mental representation of the meaning or significance of something,"anagoge,reinterpretation","анагоге,переосмысление",-1
bile acid,any of the steroid acids generated in the liver and stored with bile,cholic acid,KHOLEVAIA KISLOTA,-1
bomber,a military aircraft that drops bombs during flight,"dive bomber,stealth bomber","пикирующий бомбардировщик,бомбардировщик-невидимка",-1
versicle,a short verse said or sung by a priest or minister in public worship and followed by a response from the congregation,sursum corda,sursum corda,-1
parametric statistic,-,correlation coefficient,коэффициент корреляции,-1
Jew,a person belonging to the worldwide group claiming descent from Jacob (or converted to it) and connected by cultural or religious ties,"Ashkenazi,Conservative Jew,Essene,kike,Jewess,Levite,Pharisee,Reform Jew,Sadducee,Sephardi,Wandering Jew,Zealot,Zionist","Ашкеназы,консервативные евреи,ессеи,жиды, евреи,левиты,фарисеи,евреи-реформаторы,саддукеи,сефарды, бродячие евреи,зелоты,сионисты",-1
cook,-,roaster,обжарочный ащщарат,-1
emptying,the act of removing the contents of something,drain,слив,-1
rejoinder,a quick reply to a question or remark (especially a witty or critical one),sass,Sass,-1
attribution,assigning some quality or character to a person or thing,zoomorphism,зооморфизм,-1
representative,-,union representative,представителей профсоюза.,-1
waterfront,the area of a city (such as a harbor or dockyard) alongside a body of water,dockyard,верфь,-1
profusion,the property of being extremely abundant,"greenness,overgrowth,wilderness","зелень,разрастание,пустыня",-1
irony,incongruity between what might be expected and what actually occurs,Socratic irony,Сократовская ирония,-1
Protestant,-,Methodist,Методизм,-1
edge,the boundary of a surface,"brink,limb","края,конечности",-1
hair,filamentous hairlike growth on a plant,stinging hair,жгучие волосы,-1
continental glacier,a glacier that spreads out from a central mass of ice,polar glacier,полярный ледник,-1
landowner,-,landlord,арендодатель,-1
terminology,-,markup language,Язык разметки,-1
sorter,a machine for sorting things (such as punched cards or letters) into classes,mailsorter,mailsorter,-1
poet,a writer of poems (the term is usually reserved for writers of good poetry),"bard,elegist,odist,poet laureate,poet laureate,poetess,sonneteer","бард,элегист, одист,поэт-лауреат, поэт-лауреат,поэтесса,сонетир",-1
calcium,a white metallic element that burns with a brilliant light; the fifth most abundant element in the earth's crust; an important component of most plants and animals,calcium ion,Кальций,-1
membership card,a card certifying membership in an organization,union card,профсоюзная карта,-1
ballroom dancing,-,one-step,Один шаг,-1
niggard,a selfish person who is unwilling to give or spend,pinchgut,pinchgut,-1
indignation,a feeling of righteous anger,dudgeon,dudgeon,-1
matter,a vaguely specified concern,least,наименьший,-1
band,a thin flat strip of flexible material that is worn around the body or one of the limbs (especially to decorate the body),"armlet,armband,backband,bellyband,watchband,rubber band,garter,headstall,weed,strap,sweatband,sweatband,wristlet,wristband","браслет,повязка, повязка, повязка на живот,ремешок для часов, резиновая повязка,подвязка, наголовник, сорняк, ремешок,повязка,повязка, браслет,браслет",-1
spider orchid,any of several European orchids of the genus Ophrys,early spider orchid,ранняя орхидея пауков,-1
die,a device used for shaping metal,stamp,ярлык,-1
bulbous plant,-,star-of-Bethlehem,PTITSEMLECHNIK,-1
scent,an odor left in passing by which a person or animal can be traced,musk,Мускус,-1
sweetness,the property of tasting as if it contains sugar,saccharinity,сахаристость,-1
secret agent,-,spy,Балбастинг,-1
bisexual,a person who is sexually attracted to both sexes,hermaphrodite,Гермафродит,-1
synovial joint,-,hinge joint,соединительное звено ,-1
educational program,-,training program,программа обучения,-1
libidinal energy,(psychoanalysis) psychic energy produced by the libido,acathexis,акатексис,-1
absconder,a fugitive who runs away and hides to avoid arrest or prosecution,alien absconder,чужой absconder,-1
defense mechanism,-,displacement,&amp;,-1
dry-wood termite,any of various termites that live in and feed on dry wood that is not connected with the soil,powder-post termite,порошково-постовый термитный,-1
noun,"a content word that can be used to refer to a person, place, thing, quality, or action","collective noun,count noun,generic noun,mass noun,proper noun","собирательное существительное, счетноесуществительное,родовое существительное,массовое существительное,собственное существительное",-1
denatured alcohol,ethyl alcohol that is unfit for drinking but is still useful for other purposes,methylated spirit,спирт этиловый метилированный,-1
customs,money collected under a tariff,ship money,корабельные деньги,-1
seed stock,a supply of seeds (or tubers) reserved for planting,seed corn,seed-corn,-1
symbiosis,the relation between two different species of organisms that are interdependent; each gains benefits from the other,trophobiosis,трофобиоз,-1
inertia,(physics) the tendency of a body to maintain its state of rest or uniform motion unless acted upon by an external force,moment of inertia,момент инерции,-1
ASCII text file,a text file that contains only ASCII characters without special formatting,source code,исходный код,-1
lattice,an arrangement of points or particles or objects in a regular periodic pattern in 2 or 3 dimensions,space lattice,пространственная решетка,-1
chaos,a state of extreme confusion and disorder,balagan,балаган,-1
tormentor,-,pest,CHUMA,-1
saint's day,a day commemorating a saint,name day,name-day,-1
calyculus,a small cup-shaped structure (as a taste bud or optic cup or cavity of a coral containing a polyp),optic cup,оптическая чашка,-1
silverware,tableware made of silver or silver plate or pewter or stainless steel,"flatware,hollowware","столовые приборы, полые приборы",-1
liqueur,-,orange liqueur,и апельсиновый ликер,-1
version,an interpretation of a matter from a particular viewpoint,approximation,приближение,-1
support column,a column that supports a heavy weight,lally,lally,-1
passageway,-,tunnel,тоннель,-1
superficiality,lack of depth of knowledge or thought or feeling,glibness,гладкость,-1
basidiomycete,any of various fungi of the subdivision Basidiomycota,gill fungus,жаберный гриб,-1
amnesia,-,selective amnesia,селективная амнезия,-1
fang,an appendage of insects that is capable of injecting venom; usually evolved from the legs,toxicognath,toxicognath,-1
malnutrition,-,avitaminosis,AVITAMINOZY,-1
supporting tower,a tower that serves to support something,trestle,ощора трубощровода,-1
caladium,any plant of the genus Caladium cultivated for their ornamental foliage variously patterned in white or pink or red,Caladium bicolor,Caladium bicolor,-1
squeeze,the act of gripping and pressing firmly,expression,выражение,-1
friend,-,confidant,задушевный друг:,-1
circuit board,a printed circuit that can be inserted into expansion slots in a computer to increase the computer's capabilities,"CPU board,PC board","Плата ЦП, плата ПК",-1
"gonadotropin,lactogen",hormone secreted by the anterior pituitary gland and placenta; stimulates the gonads and controls reproductive activity,prolactin,Пролактин,-1
goat,-,wild goat,дикая коза,-1
basket,a container that is usually woven and has handles,"breadbasket,bushel basket,creel,frail,punnet,shopping basket,skep","хлебная корзина, корзина из бушеля,крил,хрупкий,пуннет, корзина для покупок,скип",-1
colonnade,structure consisting of a row of evenly spaced columns,peristyle,Перистиль,-1
sanctuary,a consecrated place where sacred objects are kept,"holy of holies,Tabernacle","святая святых,Скиния",-1
reader,a person who enjoys reading,bookworm,Библиофильство,-1
fire,the event of something burning (often destructive),"backfire,bonfire,brush fire,campfire,grassfire,smoulder,smudge","обратный огонь,костер,кустарниковый огонь,костер,травяной огонь, тлеющий,пятно",-1
freeze,the withdrawal of heat to change something from a liquid to a solid,freeze-drying,Лиофилизация,-1
body waste,-,fecal matter,EKSKREMENTY,-1
helpfulness,the property of providing useful assistance,avail,польза; выгода,-1
workbasket,container for holding implements and materials for work (especially for sewing),sewing basket,швейная корзина,-1
quetzal,large trogon of Central America and South America having golden-green and scarlet plumage,resplendent quetzel,блистательный кетцель,-1
coagulation factor,any of the factors in the blood whose actions are essential for blood coagulation,"proaccelerin,antihemophilic factor,calcium ion,Christmas factor,proconvertin,fibrinogen,prothrombin,thromboplastin,prothrombinase,plasma thromboplastin antecedent,Hageman factor,fibrinase","проакселерин,антигемофильный фактор, ион кальция, фактор Рождества,проконвертин,фибриноген,протромбин,тромбопластин, протромбиназа, предшественник тромбопластина в плазме, фактор Хагемана,фибриназа",-1
favor,an act of gracious kindness,turn,повернуть,-1
Old World vulture,any of several large vultures of Africa and Eurasia,"black vulture,bearded vulture,Egyptian vulture,griffon vulture","черный стервятник,бородатый стервятник,египетский стервятник, стервятник-грифон",-1
"evidence,footprint",an indication that makes something evident,footprint evidence,доказательство отпечатка ноги,-1
sunflower,any plant of the genus Helianthus having large flower heads with dark disk florets and showy yellow rays,"common sunflower,giant sunflower,Jerusalem artichoke,swamp sunflower,showy sunflower,Maximilian's sunflower,prairie sunflower","подсолнечник обыкновенный,гигантский подсолнечник,топинамбур,болотный подсолнечник,эффектный подсолнечник, подсолнух Максимилиана, подсолнух прерий",-1
hernia,-,diverticulum,DIVERTIKUL,-1
essay,an analytic or interpretive literary composition,"disquisition,memoir,thanatopsis","дисквизиция,мемуары,танатопсис",-1
polyhedron,-,prismatoid,Призматоид,-1
credit,recognition by a college or university that a course of studies has been successfully completed; typically measured in semester hours,semester hour,за семестр,-1
"assistant,male child",a person who contributes to the fulfillment of a need or furtherance of an effort or purpose,bat boy,мальчик летучая мышь,-1
energy,forceful exertion,athleticism,атлетизм,-1
hearing,a session (of a committee or grand jury) in which witnesses are called and testimony is taken,confirmation hearing,Слушание по утверждению.,-1
hydroxybutyric acid,hydroxy derivative of butyric acid,beta-hydroxybutyric acid,3-GIDROKSIBUTIRAT,-1
marmot,stocky coarse-furred burrowing rodent with a short bushy tail found throughout the northern hemisphere; hibernates in winter,"groundhog,hoary marmot,yellowbelly marmot","сурок,седой сурок,желтобрюхий сурок",-1
copper-base alloy,-,bronze,бронза,-1
raspberry,woody brambles bearing usually red but sometimes black or yellow fruits that separate from the receptacle when ripe and are rounder and smaller than blackberries,"cloudberry,black raspberry,flowering raspberry,salmonberry,wineberry,salmonberry","морошка, малина черная, малина цветущая, лосось,виноградина, лосось",-1
aviator,-,pilot,пилот,-1
sphecoid wasp,-,digger wasp,оса экскаватора,-1
eligibility,the quality or state of being eligible,insurability,страховаемость,-1
educator,-,teacher,учитель,-1
shirt,-,jersey,джерсейский скот,-1
polymorphism,(biology) the existence of two or more forms of individuals within the same animal species (independent of sex differences),dimorphism,Полиморфизм,-1
attribution,assigning some quality or character to a person or thing,zoomorphism,зооморфизм,-1
bit,piece of metal held in horse's mouth by reins and used to control the horse while riding,"bar bit,bridoon,curb,Pelham,snaffle","барное долото,бридун,бордюр,пелхэм,снаффл",-1
dyskinesia,abnormality in performing voluntary muscle movements,tardive dyskinesia,Поздняя дискинезия,-1
foreign policy,-,trade policy,Торговая политика,-1
carnivorous bat,-,vespertilian bat,веспертилийская летучая мышь,-1
vertebrate paleontology,the paleontology of vertebrates,paleoanthropology,палеоантропология,-1
geocentric parallax,the parallax of a celestial body using two points on the surface of the earth as the earth rotates,"horizontal parallax,solar parallax","горизонтальный параллакс,солнечный параллакс",-1
freshwater fish,-,whitefish,белуха,-1
sword,-,fencing sword,фехтовальный меч,-1
Sanskrit,-,Magadhan,Магадхан,-1
woodwork,work made of wood; especially moldings or stairways or furniture,"cabinetwork,joinery,millwork","кабинетная,столярная,мельничная",-1
nitta tree,any of several Old World tropical trees of the genus Parkia having heads of red or yellow flowers followed by pods usually containing edible seeds and pulp,Parkia javanica,Parkia javanica,-1
grade,a relative position or degree of value in a graded group,"A level,college level,General Certificate of Secondary Education","Уровень A, уровень колледжа, аттестат об общем среднем образовании",-1
record,anything (such as a document or a phonograph record or a photograph) providing permanent evidence of or information about past events,"stub,memorabilia,working papers","заглушка,памятные вещи,рабочие документы",-1
price,the amount of money needed to purchase something,"bid price,spot price,closing price,factory price,highway robbery,purchase price,support level,valuation","цена предложения,спотовая цена, цена закрытия,заводская цена, ограбление шоссе, цена покупки, уровень поддержки,оценка",-1
swimming,-,skin diving,дайвинг с кожей,-1
waiter,a person whose occupation is to serve at table (as in a restaurant),"carhop,sommelier","carhop,сомелье",-1
El Salvadoran monetary unit,monetary unit in El Salvador,colon,двоеточие,-1
layer,a relatively thin sheetlike expanse or region lying over or under another,"asthenosphere,cell wall,chromosphere,exosphere,lithosphere,hydrosphere,lower mantle,mantle,mesosphere,ozone layer,stratosphere,thermosphere,tropopause,troposphere,upper mantle","астеносфера,клеточная стенка,хромосфера,экзосфера,литосфера,гидросфера,нижняя мантия,мантия,мезосфера,озоновый слой,стратосфера,термосфера,тропопауза,тропосфера,верхняя мантия",-1
flight maneuver,-,roll,крен,-1
naval officer,an officer in the navy,naval commander,командующий военно-морским флотом,-1
cloth covering,-,leg,нога,-1
animal foot,-,paw,paw,-1
rail technology,the activity of designing and constructing and operating railroads,magnetic levitation,магнитная левитация,-1
sect,a subdivision of a larger religious group,"Abecedarian,Albigenses,Amish sect,brethren,Hare Krishna,Haredi,High Church,Jainism,Karaites,Kokka Shinto,Religious Society of Friends,Shaktism,Shakers,Shiah,Shivaism,Shuha Shinto,sisterhood,Sunni,Taoism,Vaishnavism,Waldenses,Zurvanism",,-1
organelle,-,mitochondrion,,-1
social anthropologist,an anthropologist who studies such cultural phenomena as kinship systems,ritualist,,-1
practicability,the quality of being usable,feasibility,,-1
dungeon,a dark cell (usually underground) where prisoners can be confined,oubliette,,-1
tender,a boat for communication between ship and shore,gig,,-1
explosive,-,low explosive,,-1
fritillary,any liliaceous plant of the genus Fritillaria having nodding variously colored flowers,"adobe lily,mission bells,brown bells,snake's head fritillary",,-1
trumpeter,large gregarious crane-like bird of the forests of South America having glossy black plumage and a loud prolonged cry; easily domesticated,Brazilian trumpeter,,-1
spermatophyte,-,gymnosperm,,-1
aeronautics,the theory and practice of navigation through air or space,avionics,,-1
supernaturalism,a belief in forces beyond ordinary human understanding,"exorcism,occultism",,-1
sago,powdery starch from certain sago palms; used in Asia as a food thickener and textile stiffener,pearl sago,,-1
face,the part of an animal corresponding to the human face,muzzle,,-1
head,the striking part of a tool,golf-club head,,-1
world power,a state powerful enough to influence events throughout the world,hegemon,,-1
franchise,a statutory right or privilege granted to a person or group by a government (especially the rights of citizenship and the right to vote),right to vote,,-1
invertebrate,-,worm,,-1
decay,an inferior state resulting from the process of decaying,rancidity,,-1
advice,-,recommendation,,-1
packrat,any of several bushy-tailed rodents of the genus Neotoma of western North America; hoards food and other objects,dusky-footed woodrat,,-1
pack animal,an animal (such as a mule or burro or horse) used to carry loads,packhorse,,-1
tetrapod,a vertebrate animal having four feet or legs or leglike appendages,quadruped,,-1
time signature,a musical notation indicating the number of beats to a measure and kind of note that takes a beat,alla breve,,-1
sago,powdery starch from certain sago palms; used in Asia as a food thickener and textile stiffener,pearl sago,,-1
calamity,-,famine,,-1
seamount,an underwater mountain rising above the ocean floor,guyot,,-1
waterwheel,a wheel that rotates by direct action of water; a simple turbine,millwheel,,-1
pudding,any of various soft thick unsweetened baked dishes,carrot pudding,,-1
sister,a female person who is a fellow member of a sorority or labor union or other group,Beguine,,-1
washer,seal consisting of a flat disk placed to prevent leakage,lockring,,-1
lumber,-,strip,,-1
greens,-,sprout,,-1
sumac,a shrub or tree of the genus Rhus (usually limited to the non-poisonous members of the genus),"dwarf sumac,fragrant sumac,smooth sumac,sugar-bush,squawbush,staghorn sumac",,-1
unconsciousness,-,unknowingness,,-1
toiletry,-,toothbrush,,-1
shooting,killing someone by gunfire,drive-by killing,,-1
diving board,a springboard from which swimmers can dive,highboard,,-1
open-end credit,-,credit card,,-1
handwear,-,glove,,-1
margarine,a spread made chiefly from vegetable oils and used as a substitute for butter,stick,,-1
"solvent,methane series",a liquid substance capable of dissolving other substances,hexane,,-1
roast,-,veal roast,,-1
houseplant,-,gloxinia,,-1
caprimulgiform bird,-,goatsucker,,-1
fund,-,mutual fund,,-1
occupation,the principal activity in your life that you do to earn money,"appointment,game,catering,confectionery,farming,metier,photography,treadmill",,-1
drawstring,a tie consisting of a cord that goes through a seam around an opening,purse string,,-1
mural,a painting that is applied to a wall surface,fresco,,-1
octopod,a cephalopod with eight arms but lacking an internal shell,"paper nautilus,octopus",,-1
turtle,any of various aquatic and land reptiles having a bony shell and flipper-like limbs for swimming,"painted turtle,cooter,red-bellied terrapin,slider",,-1
technique,-,emulation,,-1
lowering,the act of causing to become less,tapering,,-1
green tea,tea leaves that have been steamed and dried without fermenting,hyson,,-1
diagram,-,schematic,,-1
electrode,-,cathode,,-1
wetness,-,humidity,,-1
cedar,any cedar of the genus Cedrus,Atlas cedar,,-1
supervisor,-,taskmaster,,-1
cricketer,-,fielder,,-1
punctuation,the use of certain marks to clarify meaning of written material by grouping words grammatically into sentences and clauses and phrases,hyphenation,,-1
tapeworm,ribbonlike flatworms that are parasitic in the intestines of humans and other vertebrates,echinococcus,,-1
coreopsis,any of numerous plants of the genus Coreopsis having a profusion of showy usually yellow daisylike flowers over long periods; North and South America,calliopsis,,-1
crux,the most important point,alpha and omega,,-1
pessimist,a person who expects the worst,defeatist,,-1
aldol,an oily colorless liquid obtained by the condensation of two molecules of acetaldehyde; contains an alcohol group (-OH) and an aldehyde group (-CHO),acetaldol,,-1
murder,-,parricide,,-1
private detective,someone who can be employed as a detective to collect information,hotel detective,,-1
riot,a public act of violence by an unruly mob,race riot,,-1
self-pollination,fertilization by transfer of pollen from the anthers to the stigma of the same flower,cleistogamy,Клейстогамия,-1
gonadotropin,hormone secreted by the anterior pituitary gland and placenta; stimulates the gonads and controls reproductive activity,"follicle-stimulating hormone,human chorionic gonadotropin,luteinizing hormone,prolactin","фолликулостимулирующий гормон,хорионический гонадотропин человека,лютеинизирующий гормон,пролактин",-1
sugar,-,granulated sugar,сахарный песок,-1
mixture,-,suspension,суспензией,-1
rail technology,the activity of designing and constructing and operating railroads,magnetic levitation,магнитная левитация,-1
electromagnet,a temporary magnet made by coiling wire around an iron core; when current flows in the coil the iron becomes a magnet,magnetic head,Срок службы магнитной  головки,-1
naval officer,an officer in the navy,naval commander,командующий военно-морским флотом,-1
nursery,a child's room for a baby,day nursery,day-nursery,-1
sonnet,a verse form consisting of 14 lines with a fixed rhyme scheme,Shakespearean sonnet,Шекспировский сонет,-1
quad,(printing) a block of type without a raised letter; used for spacing between words or sentences,hair space,пространство для волос,-1
chaos,a state of extreme confusion and disorder,balagan,балаган,-1
worker,sterile member of a colony of social insects that forages for food and cares for the larvae,soldier,солдат,-1
reference book,-,wordbook,wordbook,-1
sweet pickle,pickle cured in brine and preserved in sugar and vinegar,bread and butter pickle,,-1
storage medium,a medium for storing information,magnetic storage medium,,-1
electromagnet,a temporary magnet made by coiling wire around an iron core; when current flows in the coil the iron becomes a magnet,magnetic head,Срок службы магнитной  головки,-1
hand shovel,-,spade,,-1
heavier-than-air craft,-,warplane,,-1
scale,an ordered reference standard,"Beaufort scale,logarithmic scale,Mercalli scale,Mohs scale,moment magnitude scale,Richter scale","Шкала Бофорта,логарифмическая шкала, шкала Меркалли, шкала Мооса, шкала величины момента, шкала Рихтера",-1
kidney disease,a disease affecting the kidneys,"nephrosclerosis,polycystic kidney disease,polyuria,renal insufficiency","нефросклероз,поликистоз почек,полиурия,почечная недостаточность",-1
antiferromagnetism,magnetic field creates parallel but opposing spins; varies with temperature,ferrimagnetism,ферримагнетизм,-1
mooring,(nautical) a line that holds an object (especially a boat) in place,headfast,headfast,-1
diffraction grating,optical device consisting of a surface with many parallel grooves in it; disperses a beam of light (or other electromagnetic radiation) into its wavelengths to produce its spectrum,echelon,Левый пеленг,-1
sole,lean flesh of any of several flatfish,lemon sole,,-1
necktie,-,bow tie,,-1
auxiliary verb,"a verb that combines with another verb in a verb phrase to help form tense, mood, voice, or condition of the verb it combines with",modal auxiliary verb,модальный вспомогательный глагол,-1
sailor,-,mariner,,-1
scientific instrument,-,magnifier,,-1
fish species,a species of fish,barramundi,,-1
dry unit,-,United States dry unit,,-1
game of chance,a game that involves gambling,"banking game,fantan,roulette",,-1
self-control,the trait of resolutely controlling your own behavior,"nerves,presence of mind",,-1
shading,graded markings that indicate light or shaded areas in a drawing or painting,hatch,люк,-1
carbonate,-,potassium carbonate,Карбонат калия,-1
calcium,a white metallic element that burns with a brilliant light; the fifth most abundant element in the earth's crust; an important component of most plants and animals,calcium ion,Кальций,-1
opportunity,-,occasion,. .,-1
packing,the enclosure of something in a package or box,bundling,интеграция,-1
lobster,flesh of a lobster,"American lobster,European lobster","Американский омар,европейский омар",-1
upper,piece of leather or synthetic material that forms the part of a shoe or boot above the sole that encases the foot,toe box,Лёгкая обувь,-1
negotiator,-,representative,представителем.,-1
water,binary compound that occurs at room temperature as a clear colorless odorless tasteless liquid; freezes into ice below 0 degrees centigrade and boils above 100 degrees centigrade; widely used as a solvent,"bath water,bilge,dishwater,distilled water,ground water,hard water,holy water,limewater,meltwater,slush,soft water,tap water,water of crystallization",,-1
decree,-,stay,побыть,-1
question,a sentence of inquiry that asks for a reply,"cross-question,leading question,yes-no question",,-1
domestic animal,-,domestic cat,,-1
claimant,someone who claims a benefit or right or title,Pretender,Претендент,-1
Catholicism,the beliefs and practices of a Catholic Church,"Eastern Catholicism,Romanism","Восточный католицизм,романизм",-1
copper,any of various small butterflies of the family Lycaenidae having coppery wings,American copper,Американская медь,-1
cytopenia,a deficiency of some cellular element of the blood,"hematocytopenia,pancytopenia",,-1
punishment,-,self-punishment,,-1
window shade,an opaque window blind that can cover or uncover a window,roller blind,,-1
receiver,set that receives radio or tv signals,"television receiver,satellite receiver",,-1
secretion,a functionally specialized substance (especially one that is not a waste) released from a gland or cell,"ganoin,intestinal juice,lacrimal secretion,musk,nectar,perspiration,pheromone,royal jelly,synovia","ганоин,кишечный сок,слезная секреция,мускус,нектар,пот,феромон,маточное молочко,синовия",-1
acetic acid,a colorless pungent liquid widely used in manufacturing plastics and pharmaceuticals,"acetum,trichloroacetic acid,vinegar",,-1
restaurant,-,teashop,чайник,-1
intelligibility,the quality of language that is comprehensible,readability,,-1
adjective,a word that expresses an attribute of something,"comparative,descriptive adjective,positive,superlative",,-1
playing card,-,suit,костюм,-1
margin,an amount beyond the minimum necessary,margin of safety,ПРОЧНАЯ ПРИБЫЛЬ ,-1
storage medium,a medium for storing information,magnetic storage medium,магнитный носитель информации,-1
compromise verdict,a verdict resulting from improper compromises between jurors on material issues,quotient verdict,,-1
woman's clothing,-,top,верх,-1
polymorphism,(chemistry) the existence of different kinds of crystal of the same chemical compound,dimorphism,,-1
trope,-,zeugma,,-1
thing,an event,feast,пир,-1
hymenopterous insect,-,wasp,wasp,-1
pace,the rate of moving (especially walking or running),"double time,quick time",,-1
coefficient,-,modulus,,-1
"performing arts,performance",arts or skills that require public performance,musical performance,Музыкальное представление,-1
sailing vessel,-,sloop,,-1
lactogen,any agent that enhances milk production,prolactin,,-1
arrogance,-,snobbery,Сноб,-1
appellate court,a court whose jurisdiction is to review decisions of lower courts or agencies,circuit court of appeals,окружной апелляционный суд,-1
illness,-,toxemia of pregnancy,"GESTOZ, OPG",-1
program,an announcement of the events that will occur as part of a theatrical or sporting event,racecard,гоночная карта,-1
fur seal,an eared seal of the northern Pacific,Alaska fur seal,Морской котик Аляски,-1
rescue,-,redemption,выкуп,-1
fang,an appendage of insects that is capable of injecting venom; usually evolved from the legs,toxicognath,toxicognath,-1
nerve,-,spinal nerve,SPINNOMOZGOVYE NERVY,-1
green tea,tea leaves that have been steamed and dried without fermenting,hyson,hyson,-1
safety belt,belt attaching you to some object as a restraint in order to prevent you from getting hurt,seat belt,,-1
crane,large long-necked wading bird of marshes and plains in many parts of the world,whooping crane,колючий кран,-1
stonework,masonry done with stone,cyclopean masonry,Циклопическая кладка,-1
burial chamber,-,vault,,-1
infantry,an army unit consisting of soldiers who fight on foot,paratroops,десантники,-1
dilator,a drug that causes dilation,vasodilator,SOSUDORASSHIRIAIUSHCHIE SREDSTVA,-1
aquatic fern,-,clover fern,клеверный папоротник,-1
coordinate axis,one of the fixed reference lines of a coordinate system,"x-axis,y-axis,z-axis","ось x,ось y,ось z",-1
plastic bag,a bag made of thin plastic material,bin liner,,-1
scarabaeid beetle,-,melolonthid beetle,жук-мелолонтид,-1
hydroxybutyric acid,hydroxy derivative of butyric acid,beta-hydroxybutyric acid,3-GIDROKSIBUTIRAT,-1
gnat,any of various small biting flies: midges; biting midges; black flies; sand flies,"punkie,blackfly","панк,черная муха",-1
bile acid,any of the steroid acids generated in the liver and stored with bile,cholic acid,,-1
business department,a division of a business firm,"advertising department,plant department,parts department,purchasing department,sales department,service department","отдел рекламы,заводской отдел, отдел запчастей, отдел закупок, отдел продаж, отдел обслуживания",-1
stripe,a narrow marking of a different color or texture from the background,band,музыкальная группа,-1
hieroglyph,a writing system using picture symbols; used in ancient Egypt,hieratic,Иератическое письмо,-1
gift,-,present,,-1
nitta tree,any of several Old World tropical trees of the genus Parkia having heads of red or yellow flowers followed by pods usually containing edible seeds and pulp,Parkia javanica,Parkia javanica,-1
rifleman,a soldier whose weapon is a rifle,carbineer,Карабинер,-1
cruiser,a large fast warship; smaller than a battleship and larger than a destroyer,battle cruiser,линейный крейсер,-1
"index,margin",a numerical scale used to compare variables with one another or with some reference number,margin of safety,ПРОЧНАЯ ПРИБЫЛЬ ,-1
ink-jet printer,a printer that produces characters by projecting electrically charged droplets of ink,bubble jet printer,пузырьковый струйный принтер,-1
headdress,-,jewelled headdress,украшенный драгоценными камнями головной убор,-1
"bomber,stealth aircraft",a military aircraft that drops bombs during flight,stealth bomber,бомбардировщик-невидимка,-1
dungeon,a dark cell (usually underground) where prisoners can be confined,oubliette,,-1
bow,"a weapon for shooting arrows, composed of a curved piece of resilient wood with a taut cord to propel the arrow","crossbow,Cupid's bow,handbow,longbow","арбалет, лук купидона, ручной лук,длинный лук",-1
news item,an item in a newspaper,factoid,Фактоид,-1
reveler,a celebrant who shares in a noisy party,roisterer,roisterer,-1
honoring,conformity with law or custom or practice etc.,punctilio,punctilio,-1
possibility,a possible alternative,possible,возможно,-1
band,a range of frequencies between two limits,frequency band,диапазон частот,-1
monstera,any plant of the genus Monstera; often grown as houseplants,ceriman,,-1
"croquet equipment,mallet",sports equipment used in playing croquet,croquet mallet,,-1
handbook,-,manual,,-1
physique,-,body type,тип кузова,-1
instability,the quality or attribute of being unstable and irresolute,shakiness,,-1
record,an extreme attainment; the best (or worst) performance ever attested (as in a sport),"track record,world record",,-1
traffic control,control of the flow of traffic in a building or a city,point duty,точечная пошлина,-1
electrical phenomenon,-,induction,,-1
T cell,a small lymphocyte developed in the thymus; it orchestrates the immune system's response to infected or malignant cells,helper T cell,KHELPERY-INDUKTORY T-LIMFOTSITY,-1
hamburger,"a sandwich consisting of a fried cake of minced beef served on a bun, often with other ingredients",cheeseburger,,-1
large intestine,beginning with the cecum and ending with the rectum; includes the cecum and the colon and the rectum; extracts moisture from food residues which are later excreted as feces,colon,двоеточие,-1
fiction,-,story,,-1
crepe,a soft thin light fabric with a crinkled surface,"Canton crepe,crepe de Chine,marocain","Креп кантонский,креп китайский,марокканский",-1
spiderflower,any of various often strong-smelling plants of the genus Cleome having showy spider-shaped flowers,"spider flower,Rocky Mountain bee plant","цветок паука, пчелиное растение Скалистых гор",-1
workbasket,container for holding implements and materials for work (especially for sewing),sewing basket,швейная корзина,-1
train fare,the fare charged for traveling by train,subway fare,стоимость проезда в метро,-1
endocarditis,inflammation of the endocardium and heart valves,subacute bacterial endocarditis,ENDOKARDIT BASTERIAL&apos;NYI PODOSTRYI,-1
associate degree,a degree granted by a two-year college on successful completion of the undergraduates course of studies,Associate in Arts,,-1
gluten,a protein substance that remains when starch is removed from cereal grains; gives cohesiveness to dough,"corn gluten,wheat gluten",,-1
coraciiform bird,-,roller,,-1
analgesic,-,morphine,MORFIN,-1
major tranquilizer,-,diphenylbutyl piperidine,дифенилбутилпиперидин,-1
representation,the act of representing; standing in for someone or some group and speaking with authority in their behalf,proportional representation,Пропорциональное представительство,-1
unexchangeability,the quality of being incapable of exchange or interchange,incommutability,некоммутируемость,-1
mansard,a hip roof having two slopes on each side,French roof,Французская крыша,-1
Chemakuan,a group of Mosan languages spoken in Washington,Chemakum,Chemakum,-1
gastroenteritis,inflammation of the stomach and intestines; can be caused by Salmonella enteritidis,"cholera infantum,cholera morbus",,-1
physiological property,-,inanimateness,,-1
"analgesic,opiate",a medicine used to relieve pain,morphine,MORFIN,-1
Bahrainian monetary unit,monetary unit in Bahrain,Bahrain dinar,,-1
blockage,an obstruction in a pipe or tube,"breechblock,vapor lock","затвор,паровой шлюз",-1
"enzyme,coagulase",any of several complex proteins that are produced by cells and act as catalysts in specific biochemical reactions,rennin,KHIMOZIN,-1
protoplasm,-,cytoplasm,,-1
milk,produced by mammary glands of female mammals for feeding their young,colostrum,,-1
"tumor,angiopathy",an abnormal new mass of tissue that serves no purpose,angioma,,-1
comb,any of several tools for straightening fibers,hatchel,hatchel,-1
timekeeping,the act or process of determining the time,anachronism,,-1
baseball coach,a coach of baseball players,"batting coach,pitching coach",,-1
life science,-,medical science,MEDITSINA,-1
rug,-,shag rug,,-1
folk song,-,blues,,-1
psychoactive drug,-,hallucinogen,ПСИХОДИСЛЕПТИЧЕСКИЕ ВЕЩЕСТВА,-1
ineffectiveness,lacking the power to be effective,inefficacy,неэффективность,-1
order of the day,the order of business for an assembly on a given day,order paper,бумага для заказа,-1
hamburger,"a sandwich consisting of a fried cake of minced beef served on a bun, often with other ingredients",cheeseburger,Чизбургер,-1
"adjective,adverb",a word that expresses an attribute of something,superlative,превосходная степень,-1
crackle,the sharp sound of snapping noises,decrepitation,,-1
oppression,a feeling of being oppressed,weight,Масса,-1
train fare,the fare charged for traveling by train,subway fare,стоимость проезда в метро,-1
"paper,roofing material",a material made of cellulose pulp derived mainly from wood or rags or certain grasses,roofing paper,кровельная бумага,-1
common sense,sound practical judgment,logic,алгоритм,-1
genetic code,the ordering of nucleotides in DNA molecules that carries the genetic information in living cells,triplet code,,-1
meat pie,-,pasty,,-1
opiate,-,morphine,,-1
Iroquois,any member of the warlike North American Indian peoples formerly living in New York State; the Iroquois League were allies of the British during the American Revolution,"Cayuga,Cherokee,Erie,Mohawk,Oneida,Onondaga,Seneca,Tuscarora","Каюга,Чероки,Эри,Мохок,Онейда,Онондага,Сенека,Тускарора",-1
"military vehicle,tracked vehicle",vehicle used by the armed forces,half track,полугусеничный ход ,-1
thrombocytopenia,a blood disease characterized by an abnormally small number of platelets in the blood,essential thrombocytopenia,эссенциальная тромбоцитопения,-1
water rat,any of various amphibious rats,beaver rat,,-1
"poet,laureate",a writer of poems (the term is usually reserved for writers of good poetry),poet laureate,поэт-лауреат,-1
adverb,a word that modifies something other than a noun,"adverbial,comparative,positive,superlative",,-1
depository financial institution,-,thrift institution,сберегательное учреждение,-1
conserve,-,marmalade,,-1
social dancing,-,folk dancing,,-1
support column,a column that supports a heavy weight,lally,lally,-1
cabaret,a spot that is open late at night and that provides entertainment (as singers or dancers) as well as dancing and food and drink,honkytonk,,-1
timekeeping,the act or process of determining the time,anachronism,Анахронизм,-1
killifish,small mostly marine warm-water carp-like schooling fishes; used as bait or aquarium fishes or in mosquito control,"flagfish,mummichog","рыба-флаг,мумие",-1
anger,a strong emotion; a feeling that is oriented toward some real or supposed grievance,"dander,infuriation,huffiness,umbrage","перхоть,ярость,шумиха,умбраж",-1
"conductor,noble metal",a substance that readily conducts e.g. electricity and heat,silver,,-1
storage space,-,cupboard,посудный шкаф,-1
weight,an artifact that is heavy,"makeweight,paperweight,sinker",,-1
processional march,a march to be played for processions,funeral march,,-1
theism,-,polytheism,,-1
perfidy,betrayal of a trust,insidiousness,,-1
tightening,the act of making something tighter,take-up,ПРИЕМНОЕ УСТРОЙСТВО,-1
"gas,propellant",a fluid in the gaseous state having neither independent shape nor volume and being able to expand indefinitely,compressed gas,компримируемый газ,-1
drop,a central depository where things can be left or picked up,maildrop,MailDrop,-1
frozen dessert,-,split,,-1
chamois,a soft suede leather formerly from the skin of the chamois antelope but now from sheepskin,wash leather,,-1
unsaturated fatty acid,-,polyunsaturated fatty acid,,-1
rule,prescribed guide for conduct or action,"bylaw,canon,dictate,GIGO,golden rule,Miranda rule,rubric",,-1
wrecker,someone who demolishes or dismantles buildings as a job,"housewrecker,knacker","домработник,крахмал",-1
dispersion,the act of dispersing or diffusing something,crop-dusting,пылеулавливание,-1
manipulator,a person who handles things manually,twiddler,,-1
pistil,-,carpel,carpel,-1
writ,-,warrant,складская расписка; варрант; залоговое свидетельство; товарная квитанция; подписной сертификат,-1
polymerase,an enzyme that catalyzes the formation of new DNA and RNA from an existing strand of DNA or RNA,DNA polymerase,,-1
hairdo,-,wave,волна,-1
murre,black-and-white diving bird of northern seas,"common murre,thick-billed murre","обыкновенный мур,толстоклювый мур",-1
onion roll,yeast-raised roll flavored with onion,bialy,bialy,-1
